Folder,Name
2022_09_21 hermankovec,321
2022_09_21 hermankovec,378
2022_09_21 hermankovec,407
2022_09_21 hermankovec,455
2022_09_21 hermankovec,460
2022_09_21 hermankovec,461
2022_09_21 hermankovec,477
2022_09_21 hermankovec,486
2022_09_21 hermankovec,504
2022_09_21 hermankovec,538
2022_09_21 hermankovec,546
2022_09_21 hermankovec,559
2022_09_21 hermankovec,561
2022_09_21 hermankovec,604
2022_09_23 hermankovec,193
2022_09_23 hermankovec,208
2022_09_23 hermankovec,219
2022_09_23 hermankovec,232
2022_09_23 hermankovec,242
2022_09_23 hermankovec,255
2022_09_23 hermankovec,286
2022_09_23 hermankovec,319
2022_09_23 hermankovec,558
2022_09_23 hermankovec,594
2022_09_09 jezatka,886
2022_09_09 jezatka,908
2022_09_09 jezatka,914
2022_09_09 jezatka,920
2022_09_09 jezatka,939
2022_09_09 jezatka,946
2022_09_09 jezatka,951
2022_09_09 jezatka,959
2022_09_09 jezatka,968
2022_09_09 jezatka,971
2022_09_09 jezatka,972
2022_09_09 jezatka,984
2022_09_09 jezatka,985
2022_09_09 jezatka,991
2022_09_09 jezatka,996
2022_09_09 jezatka,1009
2022_09_09 jezatka,1010
2022_09_09 jezatka,1019
2022_09_09 jezatka,1030
2022_09_09 jezatka,1058
2022_09_09 jezatka,1064
2022_09_09 jezatka,1072
2022_09_09 jezatka,1074
2022_09_09 jezatka,1081
2022_09_09 jezatka,1082
2022_09_09 jezatka,1084
2022_09_09 jezatka,1092
2022_09_09 jezatka,1085
2022_09_09 jezatka,1086
2022_09_09 jezatka,1104
2022_09_09 jezatka,1108
2022_09_09 jezatka,1109
2022_09_09 jezatka,1110
2022_09_09 jezatka,1167
2022_09_09 jezatka,1180
2022_09_09 jezatka,1191
2022_09_09 jezatka,1185
2022_09_09 jezatka,1196
2022_09_09 jezatka,1242
2022_09_09 jezatka,1245
2022_09_09 jezatka,1258
2022_09_09 jezatka,1259
2022_09_09 jezatka,1282
2022_09_09 jezatka,1309
2022_09_09 jezatka,1317
2022_09_09 jezatka,1321
2022_09_09 jezatka,1322
2022_09_09 jezatka,1329
2022_09_21 mak vlci,1
2022_09_21 mak vlci,3
2022_09_21 mak vlci,8
2022_09_21 mak vlci,11
2022_09_21 mak vlci,13
2022_09_21 mak vlci,17
2022_09_21 mak vlci,18
2022_09_21 mak vlci,19
2022_09_21 mak vlci,20
2022_09_21 mak vlci,23
2022_09_21 mak vlci,24
2022_09_21 mak vlci,26
2022_09_21 mak vlci,29
2022_09_21 mak vlci,31
2022_09_21 mak vlci,32
2022_09_21 mak vlci,39
2022_09_21 mak vlci,43
2022_09_21 mak vlci,46
2022_09_21 mak vlci,47
2022_09_21 mak vlci,50
2022_09_21 mak vlci,53
2022_09_21 mak vlci,57
2022_09_21 mak vlci,66
2022_09_21 mak vlci,69
2022_09_21 mak vlci,74
2022_09_21 mak vlci,81
2022_09_21 mak vlci,84
2022_09_21 mak vlci,88
2022_09_21 mak vlci,92
2022_09_21 mak vlci,95
2022_09_21 mak vlci,97
2022_09_21 mak vlci,98
2022_09_21 mak vlci,99
2022_09_21 mak vlci,100
2022_09_21 mak vlci,101
2022_09_21 mak vlci,102
2022_09_21 mak vlci,103
2022_09_21 mak vlci,104
2022_09_21 mak vlci,106
2022_09_21 mak vlci,107
2022_09_21 mak vlci,108
2022_09_21 mak vlci,109
2022_09_21 mak vlci,110
2022_09_21 mak vlci,111
2022_09_21 mak vlci,112
2022_09_21 mak vlci,115
2022_09_21 mak vlci,116
2022_09_21 mak vlci,117
2022_09_21 mak vlci,118
2022_09_21 mak vlci,119
2022_09_21 mak vlci,120
2022_09_21 mak vlci,123
2022_09_21 mak vlci,124
2022_09_21 mak vlci,126
2022_09_21 mak vlci,127
2022_09_21 mak vlci,129
2022_09_21 mak vlci,130
2022_09_21 mak vlci,131
2022_09_21 mak vlci,132
2022_09_21 mak vlci,133
2022_09_21 mak vlci,134
2022_09_21 mak vlci,136
2022_09_21 mak vlci,137
2022_09_21 mak vlci,138
2022_09_21 mak vlci,139
2022_09_21 mak vlci,140
2022_09_21 mak vlci,142
2022_09_21 mak vlci,143
2022_09_21 mak vlci,145
2022_09_21 mak vlci,146
2022_09_21 mak vlci,147
2022_09_21 mak vlci,149
2022_09_21 mak vlci,150
2022_09_21 mak vlci,151
2022_09_21 mak vlci,152
2022_09_21 mak vlci,153
2022_09_21 mak vlci,154
2022_09_21 mak vlci,155
2022_09_21 mak vlci,156
2022_09_21 mak vlci,157
2022_09_21 mak vlci,158
2022_09_21 mak vlci,159
2022_09_21 mak vlci,160
2022_09_21 mak vlci,161
2022_09_21 mak vlci,162
2022_09_21 mak vlci,164
2022_09_21 mak vlci,165
2022_09_21 mak vlci,169
2022_09_21 mak vlci,172
2022_09_21 mak vlci,173
2022_09_21 mak vlci,175
2022_09_21 mak vlci,176
2022_09_21 mak vlci,177
2022_09_21 mak vlci,178
2022_09_21 mak vlci,179
2022_09_21 mak vlci,180
2022_09_21 mak vlci,181
2022_09_21 mak vlci,182
2022_09_21 mak vlci,183
2022_09_21 mak vlci,184
2022_09_21 mak vlci,185
2022_09_21 mak vlci,186
2022_09_21 mak vlci,187
2022_09_21 mak vlci,188
2022_09_21 mak vlci,189
2022_09_21 mak vlci,190
2022_09_21 mak vlci,191
2022_09_21 mak vlci,192
2022_09_21 mak vlci,193
2022_09_21 mak vlci,194
2022_09_21 mak vlci,195
2022_09_21 mak vlci,196
2022_09_21 mak vlci,198
2022_09_21 mak vlci,200
2022_09_21 mak vlci,201
2022_09_21 mak vlci,202
2022_09_21 mak vlci,203
2022_09_21 mak vlci,204
2022_09_21 mak vlci,205
2022_09_21 mak vlci,207
2022_09_21 mak vlci,208
2022_09_21 mak vlci,210
2022_09_21 mak vlci,211
2022_09_21 mak vlci,212
2022_09_21 mak vlci,213
2022_09_21 mak vlci,214
2022_09_21 mak vlci,215
2022_09_21 mak vlci,217
2022_09_21 mak vlci,218
2022_09_21 mak vlci,219
2022_09_21 mak vlci,220
2022_09_21 mak vlci,222
2022_09_21 mak vlci,223
2022_09_21 mak vlci,224
2022_09_21 mak vlci,225
2022_09_21 mak vlci,226
2022_09_21 mak vlci,227
2022_09_21 mak vlci,228
2022_09_21 mak vlci,229
2022_09_21 mak vlci,231
2022_09_21 mak vlci,232
2022_09_21 mak vlci,233
2022_09_21 mak vlci,234
2022_09_21 mak vlci,235
2022_09_21 mak vlci,236
2022_09_21 mak vlci,237
2022_09_21 mak vlci,238
2022_09_21 mak vlci,239
2022_09_21 mak vlci,241
2022_09_21 mak vlci,242
2022_09_21 mak vlci,243
2022_09_21 mak vlci,245
2022_09_21 mak vlci,246
2022_09_21 mak vlci,248
2022_09_21 mak vlci,249
2022_09_21 mak vlci,250
2022_09_21 mak vlci,251
2022_09_21 mak vlci,252
2022_09_21 mak vlci,253
2022_09_21 mak vlci,254
2022_09_23 mak vlci,40
2022_09_23 mak vlci,117
2022_09_23 mak vlci,126
2022_09_21 rozrazil persky,1034
2022_09_21 rozrazil persky,1071
2022_09_21 rozrazil persky,1102
2022_09_21 rozrazil persky,1110
2022_09_21 rozrazil persky,1164
2022_09_21 rozrazil persky,1166
2022_09_21 rozrazil persky,1173
2022_09_21 rozrazil persky,1184
2022_09_21 rozrazil persky,1195
2022_09_21 rozrazil persky,1199
2022_09_21 rozrazil persky,1207
2022_09_21 rozrazil persky,1220
2022_09_21 rozrazil persky,1233
2022_09_21 rozrazil persky,1238
2022_09_21 rozrazil persky,1240
2022_09_21 rozrazil persky,1246
2022_09_21 rozrazil persky,1252
2022_09_21 rozrazil persky,1268
2022_09_21 rozrazil persky,1270
2022_09_21 rozrazil persky,1275
2022_09_21 rozrazil persky,1282
2022_09_21 rozrazil persky,1283
2022_09_21 rozrazil persky,1312
2022_09_21 rozrazil persky,1314
2022_09_21 rozrazil persky,1333
2022_09_21 rozrazil persky,1334
2022_09_21 rozrazil persky,1347
2022_09_21 rozrazil persky,1351
2022_09_21 rozrazil persky,1355
2022_09_21 rozrazil persky,1357
2022_09_21 rozrazil persky,1359
2022_09_21 rozrazil persky,1360
2022_09_21 rozrazil persky,1376
2022_09_21 rozrazil persky,1377
2022_09_23 rozrazil persky,1064
2022_09_23 rozrazil persky,1080
2022_09_23 rozrazil persky,1104
2022_09_23 rozrazil persky,1127
2022_09_23 rozrazil persky,1208
2022_09_23 rozrazil persky,1246
2022_09_23 rozrazil persky,1257
2022_09_23 rozrazil persky,1258
2022_09_23 rozrazil persky,1259
2022_09_23 rozrazil persky,1260
2022_09_23 rozrazil persky,1311
2022_09_23 rozrazil persky,1313
2022_09_23 rozrazil persky,1314
2022_09_23 rozrazil persky,1326
2022_09_23 rozrazil persky,1331
2022_09_23 rozrazil persky,1336
2022_09_23 rozrazil persky,1344
2022_09_23 rozrazil persky,1347
2022_09_23 rozrazil persky,1362
2022_09_23 rozrazil persky,1368
2022_09_23 rozrazil persky,1369
2022_09_23 rozrazil persky,1375
2022_09_23 rozrazil persky,1380
2022_09_21 violka rolni,683
2022_09_21 violka rolni,718
2022_09_21 violka rolni,760
2022_09_21 violka rolni,851
2022_09_21 violka rolni,852
2022_09_21 violka rolni,858
2022_09_21 violka rolni,867
2022_09_21 violka rolni,878
2022_09_21 violka rolni,879
2022_09_21 violka rolni,880
2022_09_21 violka rolni,881
2022_09_21 violka rolni,882
2022_09_21 violka rolni,883
2022_09_21 violka rolni,884
2022_09_21 violka rolni,885
2022_09_21 violka rolni,897
2022_09_21 violka rolni,898
2022_09_21 violka rolni,910
2022_09_21 violka rolni,911
2022_09_21 violka rolni,912
2022_09_21 violka rolni,913
2022_09_21 violka rolni,914
2022_09_21 violka rolni,917
2022_09_21 violka rolni,918
2022_09_21 violka rolni,919
2022_09_21 violka rolni,920
2022_09_21 violka rolni,921
2022_09_21 violka rolni,922
2022_09_21 violka rolni,923
2022_09_21 violka rolni,926
2022_09_21 violka rolni,927
2022_09_21 violka rolni,928
2022_09_21 violka rolni,929
2022_09_21 violka rolni,932
2022_09_21 violka rolni,933
2022_09_21 violka rolni,934
2022_09_21 violka rolni,935
2022_09_21 violka rolni,936
2022_09_21 violka rolni,937
2022_09_21 violka rolni,942
2022_09_21 violka rolni,943
2022_09_21 violka rolni,944
2022_09_21 violka rolni,953
2022_09_21 violka rolni,954
2022_09_21 violka rolni,960
2022_09_21 violka rolni,961
2022_09_21 violka rolni,962
2022_09_21 violka rolni,964
2022_09_21 violka rolni,965
2022_09_21 violka rolni,966
2022_09_21 violka rolni,968
2022_09_21 violka rolni,969
2022_09_21 violka rolni,970
2022_09_21 violka rolni,971
2022_09_21 violka rolni,972
2022_09_21 violka rolni,973
2022_09_21 violka rolni,975
2022_09_21 violka rolni,976
2022_09_21 violka rolni,978
2022_09_21 violka rolni,979
2022_09_21 violka rolni,980
2022_09_21 violka rolni,981
2022_09_21 violka rolni,982
2022_09_21 violka rolni,983
2022_09_21 violka rolni,984
2022_09_21 violka rolni,985
2022_09_21 violka rolni,986
2022_09_21 violka rolni,989
2022_09_21 violka rolni,991
2022_09_21 violka rolni,992
2022_09_21 violka rolni,993
2022_09_21 violka rolni,1004
2022_09_21 violka rolni,1005
2022_09_21 violka rolni,1008
2022_09_21 violka rolni,1009
2022_09_21 violka rolni,1011
2022_09_21 violka rolni,1012
2022_09_23 violka rolni,614
2022_09_23 violka rolni,671
2022_09_23 violka rolni,684
2022_09_23 violka rolni,689
2022_09_23 violka rolni,693
2022_09_23 violka rolni,725
2022_09_23 violka rolni,733
2022_09_23 violka rolni,738
2022_09_23 violka rolni,745
2022_09_23 violka rolni,748
2022_09_23 violka rolni,749
2022_09_23 violka rolni,750
2022_09_23 violka rolni,751
2022_09_23 violka rolni,752
2022_09_23 violka rolni,847
2022_09_23 violka rolni,848
2022_09_23 violka rolni,849
2022_09_23 violka rolni,851
2022_09_23 violka rolni,852
2022_09_23 violka rolni,853
2022_09_23 violka rolni,855
2022_09_23 violka rolni,856
2022_09_23 violka rolni,857
2022_09_23 violka rolni,858
2022_09_23 violka rolni,862
2022_09_23 violka rolni,863
2022_09_23 violka rolni,864
2022_09_23 violka rolni,866
2022_09_23 violka rolni,867
2022_09_23 violka rolni,868
2022_09_23 violka rolni,869
2022_09_23 violka rolni,871
2022_09_23 violka rolni,872
2022_09_23 violka rolni,873
2022_09_23 violka rolni,874
2022_09_23 violka rolni,875
2022_09_23 violka rolni,876
2022_09_23 violka rolni,877